CONTIG_NAME	PLOIDY_PRIOR_0	PLOIDY_PRIOR_1	PLOIDY_PRIOR_2	PLOIDY_PRIOR_3	PLOIDY_PRIOR_4	PLOIDY_PRIOR_5	PLOIDY_PRIOR_6	PLOIDY_PRIOR_7	PLOIDY_PRIOR_8	PLOIDY_PRIOR_9	PLOIDY_PRIOR_10
chr_CFC1	0.0	0.0	0.0	0.0	0.99999	0.0	0.0	0.0	0.0	0.0	0.0
chr_FCGR3A	0.0	0.0	0.00301	0.08439	0.80048	0.10428	0.00784	0.0	0.0	0.0	0.0
chr_NCF1	0.0	0.0	0.0	0.0	0.0	0.00301	0.97593	0.02106	0.0	0.0	0.0
chr_SMN1	0.0	0.0	0.04281	0.29253	0.60908	0.04957	0.00601	0.0	0.0	0.0	0.0
